Message ID,Raw Data,text_in_one_line,text_without_mentions
13956,"**Welcome Sonika to CryptoRobinhoodersğŸš€. 

Feel free to discuss and share your opinion with the rest of us!**",**Welcome Sonika to CryptoRobinhoodersğŸš€.   Feel free to discuss and share your opinion with the rest of us!**,**Welcome Sonika to CryptoRobinhoodersğŸš€. Feel free to discuss and share your opinion with the rest of us!**
13955,what is this mate?,what is this mate?,what is this mate?
13954,What  do you guys think about cryptoeats,What  do you guys think about cryptoeats,What do you guys think about cryptoeats
13950,#StripFinance - Enables #NFT owners to borrow against their assets as collateral on fair interest rates.,#StripFinance - Enables #NFT owners to borrow against their assets as collateral on fair interest rates.,#StripFinance - Enables #NFT owners to borrow against their assets as collateral on fair interest rates.
13949,"**JUST IN: **Facebook has chosen Coinbase as its custody partner for its pilot of the digital wallet, Novi.

Novi enables people to send and receive money abroad instantly, securely, and with no fees.

Source: @coinbase

@Bitcoin_Insights","**JUST IN: **Facebook has chosen Coinbase as its custody partner for its pilot of the digital wallet, Novi.  Novi enables people to send and receive money abroad instantly, securely, and with no fees.  Source: @coinbase  @Bitcoin_Insights","**JUST IN: **Facebook has chosen Coinbase as its custody partner for its pilot of the digital wallet, Novi. Novi enables people to send and receive money abroad instantly, securely, and with no fees. Source: "
13948,"ğŸ§¨ğŸ§¨ it's starting rightnow NFracTion's on 
CryptoDiffer with Elio Arctic and Alen Dolsakâ° Time: 10 AM UTC
Wooow.. $100 USDT for best questionsğŸ’´",ğŸ§¨ğŸ§¨ it's starting rightnow NFracTion's on  CryptoDiffer with Elio Arctic and Alen Dolsakâ° Time: 10 AM UTC Wooow.. $100 USDT for best questionsğŸ’´,ğŸ§¨ğŸ§¨ it's starting rightnow NFracTion's on CryptoDiffer with Elio Arctic and Alen Dolsakâ° Time: 10 AM UTC Wooow.. $100 USDT for best questionsğŸ’´
13944,Jasmy!!!,Jasmy!!!,Jasmy!!!
13943,Hi,Hi,Hi
13942,howdy!,howdy!,howdy!
13939,CELO is organizing a Mobile DeFi Hackathon with a $2.5 million prize pool,CELO is organizing a Mobile DeFi Hackathon with a $2.5 million prize pool,CELO is organizing a Mobile DeFi Hackathon with a $2.5 million prize pool
13934,"Welcome @modleiwang

ğŸŒ±Fairlaunch Thursday 21 October 19UTCğŸŒ±


â˜˜Ecology-Tokenâ˜˜


Ecology token purpose is to support the development of the green energy technology by participating as share holders or investors in new and existing green energy companies.

â˜˜5%Ecology-Token reflections
ğŸ”¥5% burn
ğŸŒ¼4% Marketing Wallet
âœ… Verified Contract
ğŸ”’Lp Locked

ğŸŒTelegram: @EcologyToken 

ğŸŒWebSite: Coming Soon

ğŸ“ˆChart:

ğŸ“Contract:",Welcome @modleiwang  ğŸŒ±Fairlaunch Thursday 21 October 19UTCğŸŒ±   â˜˜Ecology-Tokenâ˜˜   Ecology token purpose is to support the development of the green energy technology by participating as share holders or investors in new and existing green energy companies.  â˜˜5%Ecology-Token reflections ğŸ”¥5% burn ğŸŒ¼4% Marketing Wallet âœ… Verified Contract ğŸ”’Lp Locked  ğŸŒTelegram: @EcologyToken   ğŸŒWebSite: Coming Soon  ğŸ“ˆChart:  ğŸ“Contract:,Welcome ğŸŒ±Fairlaunch Thursday 21 October 19UTCğŸŒ± â˜˜Ecology-Tokenâ˜˜ Ecology token purpose is to support the development of the green energy technology by participating as share holders or investors in new and existing green energy companies. â˜˜5%Ecology-Token reflections ğŸ”¥5% burn ğŸŒ¼4% Marketing Wallet âœ… Verified Contract ğŸ”’Lp Locked ğŸŒTelegram: ğŸŒWebSite: Coming Soon ğŸ“ˆChart: ğŸ“Contract:
13933,"More thing will be revealed tomorow i think...tokenomics, website, Twitter...","More thing will be revealed tomorow i think...tokenomics, website, Twitter...","More thing will be revealed tomorow i think...tokenomics, website, Twitter..."
13932,what project is that?,what project is that?,what project is that?
13931,The team that i know launching new project. Last projects went 25x and 20x... Its Safu. Take a look. @MiniBunnyRocket_BSC,The team that i know launching new project. Last projects went 25x and 20x... Its Safu. Take a look. @MiniBunnyRocket_BSC,The team that i know launching new project. Last projects went 25x and 20x... Its Safu. Take a look. 
13930,Assalam o Alaikum,Assalam o Alaikum,Assalam o Alaikum
13923,"""I once lost $30.000 because of investing in stocks without knowledge. After 5 months of reading books, listening to analysts and brokers' advice, I returned to invest and lost another $50.000! But Thanks to Petkingdom's player referral program, now I have $100.000""","""I once lost $30.000 because of investing in stocks without knowledge. After 5 months of reading books, listening to analysts and brokers' advice, I returned to invest and lost another $50.000! But Thanks to Petkingdom's player referral program, now I have $100.000""","""I once lost $30.000 because of investing in stocks without knowledge. After 5 months of reading books, listening to analysts and brokers' advice, I returned to invest and lost another $50.000! But Thanks to Petkingdom's player referral program, now I have $100.000"""
13920,hurry up today Im gonna join AMA with Spores Network CMO Gregory Butz for a new round !!!!ğŸ”ˆğŸ”ˆI have a lot of questions about Netvrk Transport Presale! dont miss.. at 3 PM UTC ...May be I can get a ğŸXR Motorcycles rroaaaarr ğŸ˜,hurry up today Im gonna join AMA with Spores Network CMO Gregory Butz for a new round !!!!ğŸ”ˆğŸ”ˆI have a lot of questions about Netvrk Transport Presale! dont miss.. at 3 PM UTC ...May be I can get a ğŸXR Motorcycles rroaaaarr ğŸ˜,hurry up today Im gonna join AMA with Spores Network CMO Gregory Butz for a new round !!!!ğŸ”ˆğŸ”ˆI have a lot of questions about Netvrk Transport Presale! dont miss.. at 3 PM UTC ...May be I can get a ğŸXR Motorcycles rroaaaarr ğŸ˜
13919,Hi everyone,Hi everyone,Hi everyone
13917,hello guys.....looking for some advice. What are the best platforms to stake ETH and BTC?,hello guys.....looking for some advice. What are the best platforms to stake ETH and BTC?,hello guys.....looking for some advice. What are the best platforms to stake ETH and BTC?
13916,Thanks men for this update and i am waiting for this mode......,Thanks men for this update and i am waiting for this mode......,Thanks men for this update and i am waiting for this mode......
13914,And one more thing i want to just add is UniLend is coming up with there V2,And one more thing i want to just add is UniLend is coming up with there V2,And one more thing i want to just add is UniLend is coming up with there V2
13913,Thanks man very nice to talk with u... I am happy heard about partnership news and many more updates..,Thanks man very nice to talk with u... I am happy heard about partnership news and many more updates..,Thanks man very nice to talk with u... I am happy heard about partnership news and many more updates..
13912,"In the future, they will come up with UniLend LaunchPad where projects can build on our platform, so $UFT will be used in development there.","In the future, they will come up with UniLend LaunchPad where projects can build on our platform, so $UFT will be used in development there.","In the future, they will come up with UniLend LaunchPad where projects can build on our platform, so $UFT will be used in development there."
13910,"Also, many tokens are coming like Polka cash where $UFT holders will add benefits of staking and earning rewards.","Also, many tokens are coming like Polka cash where $UFT holders will add benefits of staking and earning rewards.","Also, many tokens are coming like Polka cash where $UFT holders will add benefits of staking and earning rewards."
13909,"$UFT is a governance token for the UniLend Finance platform when our permissionless listing will be live. Apart from this, it will be used in meta transactions for paying fees, and using $UFT to pay the fees will reduce the fees to 40â€“50%.","$UFT is a governance token for the UniLend Finance platform when our permissionless listing will be live. Apart from this, it will be used in meta transactions for paying fees, and using $UFT to pay the fees will reduce the fees to 40â€“50%.","$UFT is a governance token for the UniLend Finance platform when our permissionless listing will be live. Apart from this, it will be used in meta transactions for paying fees, and using $UFT to pay the fees will reduce the fees to 40â€“50%."
13908,What role will the $UFT token play in your ecosystem?,What role will the $UFT token play in your ecosystem?,What role will the $UFT token play in your ecosystem?
13907,"Reputed partners like Chainlink, Ankr, StaFi, Ramp, Injective, Mirror,","Reputed partners like Chainlink, Ankr, StaFi, Ramp, Injective, Mirror,","Reputed partners like Chainlink, Ankr, StaFi, Ramp, Injective, Mirror,"
13906,What about partners ???,What about partners ???,What about partners ???
13905,"UniLend Ecosystem is already a power-packed arsenal, but in the coming weeks are launching major DeFi projects with more utilities added to our ecosystem.","UniLend Ecosystem is already a power-packed arsenal, but in the coming weeks are launching major DeFi projects with more utilities added to our ecosystem.","UniLend Ecosystem is already a power-packed arsenal, but in the coming weeks are launching major DeFi projects with more utilities added to our ecosystem."
13904,They partnered with CyberFi who will be building automated features on top of UniLendâ€™s platform.,They partnered with CyberFi who will be building automated features on top of UniLendâ€™s platform.,They partnered with CyberFi who will be building automated features on top of UniLendâ€™s platform.
13903,"Also, there will be technical features to improve the UX of trading and lending for extensive usage.","Also, there will be technical features to improve the UX of trading and lending for extensive usage.","Also, there will be technical features to improve the UX of trading and lending for extensive usage."
13902,"There platform will feature Lending/Borrowing, Swap, Redeem features in the build.","There platform will feature Lending/Borrowing, Swap, Redeem features in the build.","There platform will feature Lending/Borrowing, Swap, Redeem features in the build."
13901,They are building our project from scratch and UniLend is not a fork of any other project.,They are building our project from scratch and UniLend is not a fork of any other project.,They are building our project from scratch and UniLend is not a fork of any other project.
13900,Briefly explain the features/improvements of planning to add products shortly and the Ecosystem?,Briefly explain the features/improvements of planning to add products shortly and the Ecosystem?,Briefly explain the features/improvements of planning to add products shortly and the Ecosystem?
13899,- Birth of totally decentralized launchpools for exciting upcoming projects & the list goes on.,- Birth of totally decentralized launchpools for exciting upcoming projects & the list goes on.,- Birth of totally decentralized launchpools for exciting upcoming projects & the list goes on.
13898,"- Markets opening to other than crypto assets like stocks, commodities, etc.","- Markets opening to other than crypto assets like stocks, commodities, etc.","- Markets opening to other than crypto assets like stocks, commodities, etc."
13897,- Arbitrage opportunities our protocol will offer. Imagine holding your tokens in your wallet vs. earning some APR by lending it on our protocol. You can even use it as collateral),- Arbitrage opportunities our protocol will offer. Imagine holding your tokens in your wallet vs. earning some APR by lending it on our protocol. You can even use it as collateral),- Arbitrage opportunities our protocol will offer. Imagine holding your tokens in your wallet vs. earning some APR by lending it on our protocol. You can even use it as collateral)
13896,"Multiple things, I would say.","Multiple things, I would say.","Multiple things, I would say."
13895,"In addition to the planned features of UniLend, what else will be so amazing, but we can only guess about it? What is there in UniLend that other exchangers do not have?","In addition to the planned features of UniLend, what else will be so amazing, but we can only guess about it? What is there in UniLend that other exchangers do not have?","In addition to the planned features of UniLend, what else will be so amazing, but we can only guess about it? What is there in UniLend that other exchangers do not have?"
13894,"They are deriving the lending/borrowing capacity of assets based on the liquidity available on unilend trading platform. Hence, they are not dependent on any other protocol for liquidation & everything is handled within the UniLend ecosystem.","They are deriving the lending/borrowing capacity of assets based on the liquidity available on unilend trading platform. Hence, they are not dependent on any other protocol for liquidation & everything is handled within the UniLend ecosystem.","They are deriving the lending/borrowing capacity of assets based on the liquidity available on unilend trading platform. Hence, they are not dependent on any other protocol for liquidation & everything is handled within the UniLend ecosystem."
13893,"Most leading platforms are currently dependent on DeX for this, but we will have our DeX feature inbuild. So in such scenarios we can handle liquidations more securely.","Most leading platforms are currently dependent on DeX for this, but we will have our DeX feature inbuild. So in such scenarios we can handle liquidations more securely.","Most leading platforms are currently dependent on DeX for this, but we will have our DeX feature inbuild. So in such scenarios we can handle liquidations more securely."
13892,"They are enabling lending and borrowing for any token out there. And as they know, crypto is very volatile, so there are scenarios when liquidations are bound to happen.","They are enabling lending and borrowing for any token out there. And as they know, crypto is very volatile, so there are scenarios when liquidations are bound to happen.","They are enabling lending and borrowing for any token out there. And as they know, crypto is very volatile, so there are scenarios when liquidations are bound to happen."
13891,how can users be sure they are safe while using such a new protocol?,how can users be sure they are safe while using such a new protocol?,how can users be sure they are safe while using such a new protocol?
13890,"Due to the permissionless nature of the protocol, users have the capability to list any Ethereum asset on UniLend. An asset listing on the UniLend protocolâ€™s smart contract instantly creates and lists on markets for lending, borrowing, and spot trading.","Due to the permissionless nature of the protocol, users have the capability to list any Ethereum asset on UniLend. An asset listing on the UniLend protocolâ€™s smart contract instantly creates and lists on markets for lending, borrowing, and spot trading.","Due to the permissionless nature of the protocol, users have the capability to list any Ethereum asset on UniLend. An asset listing on the UniLend protocolâ€™s smart contract instantly creates and lists on markets for lending, borrowing, and spot trading."
13889,What about permissionless nature of the protocol??,What about permissionless nature of the protocol??,What about permissionless nature of the protocol??
13888,A lot of very good projects are still left out of the real proposition. Major protocols are still not allowing more than 30 tokens.,A lot of very good projects are still left out of the real proposition. Major protocols are still not allowing more than 30 tokens.,A lot of very good projects are still left out of the real proposition. Major protocols are still not allowing more than 30 tokens.
13887,"Thatâ€™s true. There are many DeFi products out there, itâ€™s very exciting to see so much energy in it","Thatâ€™s true. There are many DeFi products out there, itâ€™s very exciting to see so much energy in it","Thatâ€™s true. There are many DeFi products out there, itâ€™s very exciting to see so much energy in it"
13886,There are a lot of DeFi products out there. What sets UniLend apart from the rest of the products on the market?,There are a lot of DeFi products out there. What sets UniLend apart from the rest of the products on the market?,There are a lot of DeFi products out there. What sets UniLend apart from the rest of the products on the market?
13885,"Once these are done, they will be launching UniLend LaunchPad, for building on our platform.","Once these are done, they will be launching UniLend LaunchPad, for building on our platform.","Once these are done, they will be launching UniLend LaunchPad, for building on our platform."
13884,There platform will also have yield farms for stacking which will also help in increasing liquidity.,There platform will also have yield farms for stacking which will also help in increasing liquidity.,There platform will also have yield farms for stacking which will also help in increasing liquidity.
13883,They will enable major features to the platform for quick and easy listings.,They will enable major features to the platform for quick and easy listings.,They will enable major features to the platform for quick and easy listings.
13882,There major focus is to build our protocol for lending/borrowing.,There major focus is to build our protocol for lending/borrowing.,There major focus is to build our protocol for lending/borrowing.
13881,"Can UniLend be an investment for all users, whether they are young, beginner, or already familiar with crypto?","Can UniLend be an investment for all users, whether they are young, beginner, or already familiar with crypto?","Can UniLend be an investment for all users, whether they are young, beginner, or already familiar with crypto?"
13880,"All major 3 chains like Ethereum, Most adopted layer 2 Polygon and Binance Smart Chain","All major 3 chains like Ethereum, Most adopted layer 2 Polygon and Binance Smart Chain","All major 3 chains like Ethereum, Most adopted layer 2 Polygon and Binance Smart Chain"
13879,What about listing of Unilend??,What about listing of Unilend??,What about listing of Unilend??
13878,UniLendâ€™s protocol allows users to frictionlessly exchange the time value of Ethereum assets by creating a spot trading pair and separate money markets for each token.,UniLendâ€™s protocol allows users to frictionlessly exchange the time value of Ethereum assets by creating a spot trading pair and separate money markets for each token.,UniLendâ€™s protocol allows users to frictionlessly exchange the time value of Ethereum assets by creating a spot trading pair and separate money markets for each token.
13877,The integrated smart contract for both features of the protocol allows both trading & DeFi capabilities to co-exist within the same protocol.,The integrated smart contract for both features of the protocol allows both trading & DeFi capabilities to co-exist within the same protocol.,The integrated smart contract for both features of the protocol allows both trading & DeFi capabilities to co-exist within the same protocol.
13876,"In the money markets the interest rates and collateralization ratio are based on supply, demand, and other market forces and borrowing limits are decided by liquidity in the trading pairs.","In the money markets the interest rates and collateralization ratio are based on supply, demand, and other market forces and borrowing limits are decided by liquidity in the trading pairs.","In the money markets the interest rates and collateralization ratio are based on supply, demand, and other market forces and borrowing limits are decided by liquidity in the trading pairs."
13875,UniLend is a permission-less decentralized protocol that combines spot trading services and money markets with lending and borrowing services through smart contracts.,UniLend is a permission-less decentralized protocol that combines spot trading services and money markets with lending and borrowing services through smart contracts.,UniLend is a permission-less decentralized protocol that combines spot trading services and money markets with lending and borrowing services through smart contracts.
13874,What is UniLend Finance?,What is UniLend Finance?,What is UniLend Finance?
13873,"The live UniLend price today is $1.05 USD with a 24-hour trading volume of $33,71,413 USD.","The live UniLend price today is $1.05 USD with a 24-hour trading volume of $33,71,413 USD.","The live UniLend price today is $1.05 USD with a 24-hour trading volume of $33,71,413 USD."
13870,I mean First Ever SAFu KishuPlay coin,I mean First Ever SAFu KishuPlay coin,I mean First Ever SAFu KishuPlay coin
13869,"First safu coin? What do you mean, first safu coin in history of coins? Lol","First safu coin? What do you mean, first safu coin in history of coins? Lol","First safu coin? What do you mean, first safu coin in history of coins? Lol"
13868,"FIRST SAFU COIN!
P2E Game Launching Soon
I know the dev and i trust him! We can make big profits with him. A lot marketing pre-launch and post-launch  awaits us.
All inside!!

Tg : @KISHUPLAY",FIRST SAFU COIN! P2E Game Launching Soon I know the dev and i trust him! We can make big profits with him. A lot marketing pre-launch and post-launch  awaits us. All inside!!  Tg : @KISHUPLAY,FIRST SAFU COIN! P2E Game Launching Soon I know the dev and i trust him! We can make big profits with him. A lot marketing pre-launch and post-launch awaits us. All inside!! Tg : 
13863,"ğŸ’ Hello FLOKIğŸ• Will be available to FAIRLAUNCH on officially from Tuesday 19th Oct from 4 pm UTC.

ğŸ¶ Dev Doxxed
ğŸ¶15% Triple Rewards (Doge,Shiba,Floki)
ğŸ§¬ Roadmap with serious vision
âœ… Contract Verif 
ğŸ”’ Liquidity locked
ğŸ³ Anti Whale/Bot

ğŸ“±Join us | TG: helloflokibsc","ğŸ’ Hello FLOKIğŸ• Will be available to FAIRLAUNCH on officially from Tuesday 19th Oct from 4 pm UTC.  ğŸ¶ Dev Doxxed ğŸ¶15% Triple Rewards (Doge,Shiba,Floki) ğŸ§¬ Roadmap with serious vision âœ… Contract Verif  ğŸ”’ Liquidity locked ğŸ³ Anti Whale/Bot  ğŸ“±Join us | TG: helloflokibsc","ğŸ’ Hello FLOKIğŸ• Will be available to FAIRLAUNCH on officially from Tuesday 19th Oct from 4 pm UTC. ğŸ¶ Dev Doxxed ğŸ¶15% Triple Rewards (Doge,Shiba,Floki) ğŸ§¬ Roadmap with serious vision âœ… Contract Verif ğŸ”’ Liquidity locked ğŸ³ Anti Whale/Bot ğŸ“±Join us | TG: helloflokibsc"
13862,"ğŸŒ±Fairlaunch Thursday 21 October  19UTCğŸŒ±


â˜˜Ecology-Tokenâ˜˜


Ecology token purpose is to support the development of the green energy technology by participating as share holders or investors in new and existing green energy companies.

â˜˜5%Ecology-Token reflections
ğŸ”¥5% burn
ğŸŒ¼4% Marketing Wallet
âœ… Verified Contract
ğŸ”’Lp Locked

ğŸŒTelegram: @EcologyToken 

ğŸŒWebSite: Coming Soon

ğŸ“ˆChart:

ğŸ“Contract:",ğŸŒ±Fairlaunch Thursday 21 October  19UTCğŸŒ±   â˜˜Ecology-Tokenâ˜˜   Ecology token purpose is to support the development of the green energy technology by participating as share holders or investors in new and existing green energy companies.  â˜˜5%Ecology-Token reflections ğŸ”¥5% burn ğŸŒ¼4% Marketing Wallet âœ… Verified Contract ğŸ”’Lp Locked  ğŸŒTelegram: @EcologyToken   ğŸŒWebSite: Coming Soon  ğŸ“ˆChart:  ğŸ“Contract:,ğŸŒ±Fairlaunch Thursday 21 October 19UTCğŸŒ± â˜˜Ecology-Tokenâ˜˜ Ecology token purpose is to support the development of the green energy technology by participating as share holders or investors in new and existing green energy companies. â˜˜5%Ecology-Token reflections ğŸ”¥5% burn ğŸŒ¼4% Marketing Wallet âœ… Verified Contract ğŸ”’Lp Locked ğŸŒTelegram: ğŸŒWebSite: Coming Soon ğŸ“ˆChart: ğŸ“Contract:
13856,text me lets get to know each other mate,text me lets get to know each other mate,text me lets get to know each other mate
13855,hello mate,hello mate,hello mate
13853,hi everyone,hi everyone,hi everyone
13851,hi there beauty,hi there beauty,hi there beauty
13848,Guys #JAMSY New partnershipğŸ¤‘ Don't miss still available in many big exchange like coinbase and bitfinex binance will list any time I believeğŸ”¥,Guys #JAMSY New partnershipğŸ¤‘ Don't miss still available in many big exchange like coinbase and bitfinex binance will list any time I believeğŸ”¥,Guys #JAMSY New partnershipğŸ¤‘ Don't miss still available in many big exchange like coinbase and bitfinex binance will list any time I believeğŸ”¥
13844,Just check them up you will bit be sorry,Just check them up you will bit be sorry,Just check them up you will bit be sorry
13843,Guys u need to have look at satoshicryptofinance,Guys u need to have look at satoshicryptofinance,Guys u need to have look at satoshicryptofinance
13842,Hello,Hello,Hello
13839,Hi everyone,Hi everyone,Hi everyone
13835,Anticipating stellar - polygon Bridge in my project this month end,Anticipating stellar - polygon Bridge in my project this month end,Anticipating stellar - polygon Bridge in my project this month end
13833,"ğŸš€ Elon Tweet Sky ğŸš€

ğŸ’Contract Verified
ğŸ’Renounce Ownership
ğŸ’Burned Liquidity 100%
ğŸ’Tax Buy/Sell 9%
ğŸ’Based Dev and Doxxed
ğŸ’Hold And Earn Every 1 Hours



Join Tg ğŸ‘‡
elontweetsky",ğŸš€ Elon Tweet Sky ğŸš€  ğŸ’Contract Verified ğŸ’Renounce Ownership ğŸ’Burned Liquidity 100% ğŸ’Tax Buy/Sell 9% ğŸ’Based Dev and Doxxed ğŸ’Hold And Earn Every 1 Hours    Join Tg ğŸ‘‡ elontweetsky,ğŸš€ Elon Tweet Sky ğŸš€ ğŸ’Contract Verified ğŸ’Renounce Ownership ğŸ’Burned Liquidity 100% ğŸ’Tax Buy/Sell 9% ğŸ’Based Dev and Doxxed ğŸ’Hold And Earn Every 1 Hours Join Tg ğŸ‘‡ elontweetsky
13830,Must check into this since i've been eyeing also haka,Must check into this since i've been eyeing also haka,Must check into this since i've been eyeing also haka
13828,woah thats so cool $HAKA to the moon!,woah thats so cool $HAKA to the moon!,woah thats so cool $HAKA to the moon!
13827,They have connections with the different communities globally and have onboarded multiple influencers from various countries to ensure that the message of TribeOne that is spread in their local languages so as to avoid loss in translation situations,They have connections with the different communities globally and have onboarded multiple influencers from various countries to ensure that the message of TribeOne that is spread in their local languages so as to avoid loss in translation situations,They have connections with the different communities globally and have onboarded multiple influencers from various countries to ensure that the message of TribeOne that is spread in their local languages so as to avoid loss in translation situations
13826,How do they plan to spread awareness about their project in different countries?,How do they plan to spread awareness about their project in different countries?,How do they plan to spread awareness about their project in different countries?
13825,They really are briding an essential gap of NFT lending currently present in the NFT sphere.,They really are briding an essential gap of NFT lending currently present in the NFT sphere.,They really are briding an essential gap of NFT lending currently present in the NFT sphere.
13824,and the ultimate reward for users participating in this competition is getting 100% LTV and no interest chargedğŸ˜ğŸ˜ğŸ˜,and the ultimate reward for users participating in this competition is getting 100% LTV and no interest chargedğŸ˜ğŸ˜ğŸ˜,and the ultimate reward for users participating in this competition is getting 100% LTV and no interest chargedğŸ˜ğŸ˜ğŸ˜
13823,and to boost the growth of NFT artists with more visibility and exposure across different communities,and to boost the growth of NFT artists with more visibility and exposure across different communities,and to boost the growth of NFT artists with more visibility and exposure across different communities
13822,IKR!! that's why $HAKA forever!,IKR!! that's why $HAKA forever!,IKR!! that's why $HAKA forever!
13821,That's so unique. You never really see that with other NFT platforms,That's so unique. You never really see that with other NFT platforms,That's so unique. You never really see that with other NFT platforms
13820,AND Promote new NFT investors by providing the community funding to purchase their favourite digital work.,AND Promote new NFT investors by providing the community funding to purchase their favourite digital work.,AND Promote new NFT investors by providing the community funding to purchase their favourite digital work.
13819,"As for NFTS, its a great platform for NFT artists to showoff their work","As for NFTS, its a great platform for NFT artists to showoff their work","As for NFTS, its a great platform for NFT artists to showoff their work"
13818,!*,!*,!*
13817,"@TribeOne gives users access to a wide range of NFTs through the various marketplace integrations, AI-based risk-assessment for instant loan approvals, and a convenient payment processing system!! how awessome is that1","@TribeOne gives users access to a wide range of NFTs through the various marketplace integrations, AI-based risk-assessment for instant loan approvals, and a convenient payment processing system!! how awessome is that1"," gives users access to a wide range of NFTs through the various marketplace integrations, AI-based risk-assessment for instant loan approvals, and a convenient payment processing system!! how awessome is that1"
13816,$HAKA has been doing amazing in the DeFi space,$HAKA has been doing amazing in the DeFi space,$HAKA has been doing amazing in the DeFi space
13815,the DeFi and NFT spaces in order to build a never-seen-before consociation for the crypto community.,the DeFi and NFT spaces in order to build a never-seen-before consociation for the crypto community.,the DeFi and NFT spaces in order to build a never-seen-before consociation for the crypto community.
13813,@Tribeone is such a great platform for NFT artists and for taking loans against NFTs too,@Tribeone is such a great platform for NFT artists and for taking loans against NFTs too, is such a great platform for NFT artists and for taking loans against NFTs too
13812,Yesss. Medhi went in detail about their projects too. Pretty intresting stuff,Yesss. Medhi went in detail about their projects too. Pretty intresting stuff,Yesss. Medhi went in detail about their projects too. Pretty intresting stuff
13811,gotto kno so many things about #NFTart!!,gotto kno so many things about #NFTart!!,gotto kno so many things about #NFTart!!
13810,ikrr i liked how mehdi and other artist were having a convo!!,ikrr i liked how mehdi and other artist were having a convo!!,ikrr i liked how mehdi and other artist were having a convo!!
13809,its all over @TribeOne's twitter,its all over @TribeOne's twitter,its all over 's twitter
13808,Yea haha. read about that on The AMA they held,Yea haha. read about that on The AMA they held,Yea haha. read about that on The AMA they held
13807,i like that that he got inspiration from russian cartoon charachter,i like that that he got inspiration from russian cartoon charachter,i like that that he got inspiration from russian cartoon charachter
13806,Im rooting for plushNFT's work. very cute and inspiring,Im rooting for plushNFT's work. very cute and inspiring,Im rooting for plushNFT's work. very cute and inspiring
13805,who are you rooting for?? im crazy about cg_dawns work!!,who are you rooting for?? im crazy about cg_dawns work!!,who are you rooting for?? im crazy about cg_dawns work!!
13804,haha. the NFT artists did such a good job with their art,haha. the NFT artists did such a good job with their art,haha. the NFT artists did such a good job with their art
13803,300 $HAKA is coming home!!,300 $HAKA is coming home!!,300 $HAKA is coming home!!
13802,Heard the prize was 300 $HAKA,Heard the prize was 300 $HAKA,Heard the prize was 300 $HAKA
13801,no bro the results are yet to announce im waiting so that i can earn some $HAKA,no bro the results are yet to announce im waiting so that i can earn some $HAKA,no bro the results are yet to announce im waiting so that i can earn some $HAKA
13800,And the results?,And the results?,And the results?
13799,its just got over yesturday!!,its just got over yesturday!!,its just got over yesturday!!
13798,Hey is the @TribeOne NFT Battle Royale over?,Hey is the @TribeOne NFT Battle Royale over?,Hey is the NFT Battle Royale over?
13796,"@GenshinShibaNoru
Fairlaunch in 3 hours 
that's sound's gem, don't miss it","@GenshinShibaNoru Fairlaunch in 3 hours  that's sound's gem, don't miss it"," Fairlaunch in 3 hours that's sound's gem, don't miss it"
13793,hey!,hey!,hey!
13792,Hi,Hi,Hi
13790,"ğŸ¶Welcome to Baby Pup Doge. ğŸ¥‡ Stealth launch 10 Minutes | ğŸš¨ Fair launch | Join Us !! | Liquidity locked | Great Community 
Tokenomics:
âœ”ï¸3% Liquidity Pool
âœ”ï¸3% Marketing/Dev
âœ”ï¸40% Burn
ğŸ¶ TG:  BabyPupDogeBsc

0x9934a7098ec764e71f7769053b8e92d11d35b2e1",ğŸ¶Welcome to Baby Pup Doge. ğŸ¥‡ Stealth launch 10 Minutes | ğŸš¨ Fair launch | Join Us !! | Liquidity locked | Great Community  Tokenomics: âœ”ï¸3% Liquidity Pool âœ”ï¸3% Marketing/Dev âœ”ï¸40% Burn ğŸ¶ TG:  BabyPupDogeBsc  0x9934a7098ec764e71f7769053b8e92d11d35b2e1,ğŸ¶Welcome to Baby Pup Doge. ğŸ¥‡ Stealth launch 10 Minutes | ğŸš¨ Fair launch | Join Us !! | Liquidity locked | Great Community Tokenomics: âœ”ï¸3% Liquidity Pool âœ”ï¸3% Marketing/Dev âœ”ï¸40% Burn ğŸ¶ TG: BabyPupDogeBsc 0x9934a7098ec764e71f7769053b8e92d11d35b2e1
13788,Good porject guys check this out @Celebrityfloki,Good porject guys check this out @Celebrityfloki,Good porject guys check this out 
13786,Assalamaleku,Assalamaleku,Assalamaleku
13783,"Copy and paste but change what the rabbit is holding
(\_/)
( â€¢_â€¢)
/ > ğŸš€ğŸš€ğŸš€ğŸš€ğŸš€ @FinanceRabbit $rabbit @elonmusk @BinanceChain",Copy and paste but change what the rabbit is holding (\_/) ( â€¢_â€¢) / > ğŸš€ğŸš€ğŸš€ğŸš€ğŸš€ @FinanceRabbit $rabbit @elonmusk @BinanceChain,Copy and paste but change what the rabbit is holding (\_/) ( â€¢_â€¢) / > ğŸš€ğŸš€ğŸš€ğŸš€ğŸš€ $rabbit 
13782,Hello,Hello,Hello
13780,Hello,Hello,Hello
13779,@poowards,@poowards,
13778,Assalamaleku,Assalamaleku,Assalamaleku
13775,Are you looking for project? Me too,Are you looking for project? Me too,Are you looking for project? Me too
13774,Assalamaleku,Assalamaleku,Assalamaleku
13765,"Yes guys , good project @poowards","Yes guys , good project @poowards","Yes guys , good project "
13764,Ty too â¤ğŸ’©â¤ï¸ğŸ’©â¤ï¸,Ty too â¤ğŸ’©â¤ï¸ğŸ’©â¤ï¸,Ty too â¤ğŸ’©â¤ï¸ğŸ’©â¤ï¸
13763,Ty guys â¤ï¸ğŸ’©â¤ï¸,Ty guys â¤ï¸ğŸ’©â¤ï¸,Ty guys â¤ï¸ğŸ’©â¤ï¸
13762,"I just see it, so good project","I just see it, so good project","I just see it, so good project"
13761,"Hi everyone, ğŸ—the general market direction currently is not quite clear imo... A lot of mixed signals right now in the market.ğŸ¤. If u got Fetch now in your walletğŸ“±, the best advice I can give you right now is to take risk management and position sizing very seriously no matter if for long or short positionsğŸŒ‹","Hi everyone, ğŸ—the general market direction currently is not quite clear imo... A lot of mixed signals right now in the market.ğŸ¤. If u got Fetch now in your walletğŸ“±, the best advice I can give you right now is to take risk management and position sizing very seriously no matter if for long or short positionsğŸŒ‹","Hi everyone, ğŸ—the general market direction currently is not quite clear imo... A lot of mixed signals right now in the market.ğŸ¤. If u got Fetch now in your walletğŸ“±, the best advice I can give you right now is to take risk management and position sizing very seriously no matter if for long or short positionsğŸŒ‹"
13760,"new launch tomorrow, token that gives rewards in poocoin, a must try, for more info @poowards","new launch tomorrow, token that gives rewards in poocoin, a must try, for more info @poowards","new launch tomorrow, token that gives rewards in poocoin, a must try, for more info "
13758,"Ape 1

Another private sale by Ever Bullish dev, yesterday they did 8X from private. Join in today. Bags packed


TG: flokiXRP","Ape 1  Another private sale by Ever Bullish dev, yesterday they did 8X from private. Join in today. Bags packed   TG: flokiXRP","Ape 1 Another private sale by Ever Bullish dev, yesterday they did 8X from private. Join in today. Bags packed TG: flokiXRP"
13757,"SuperLaunch New Ä°DO platform

@superlaunch",SuperLaunch New Ä°DO platform  @superlaunch,SuperLaunch New Ä°DO platform 
13756,Hello,Hello,Hello
13753,Snip bot if someone interessed dm me,Snip bot if someone interessed dm me,Snip bot if someone interessed dm me
13752,"poseidondefi
Has a presale ongoing and looks like it has some great ideas if long term goals/success. Anyone else getting in on this?",poseidondefi Has a presale ongoing and looks like it has some great ideas if long term goals/success. Anyone else getting in on this?,poseidondefi Has a presale ongoing and looks like it has some great ideas if long term goals/success. Anyone else getting in on this?
13749,"Yap, i was there. But dyor bro","Yap, i was there. But dyor bro","Yap, i was there. But dyor bro"
13748,You're here?,You're here?,You're here?
13747,"Permission please..

Stealth launch, launch very soon. Dev doxxed. But dyor

Tg : lord_xrp","Permission please..  Stealth launch, launch very soon. Dev doxxed. But dyor  Tg : lord_xrp","Permission please.. Stealth launch, launch very soon. Dev doxxed. But dyor Tg : lord_xrp"
13746,Hello? Any gems today?,Hello? Any gems today?,Hello? Any gems today?
13745,"Get OCP Finance TodayğŸš¨


ğŸ“ŒGo get OCP finance. This is small market cap gem with Over $20M TVL across the protocol with a marketcap under $600k",Get OCP Finance TodayğŸš¨   ğŸ“ŒGo get OCP finance. This is small market cap gem with Over $20M TVL across the protocol with a marketcap under $600k,Get OCP Finance TodayğŸš¨ ğŸ“ŒGo get OCP finance. This is small market cap gem with Over $20M TVL across the protocol with a marketcap under $600k
13741,Join @onlypumpup AMA happening right now!,Join @onlypumpup AMA happening right now!,Join AMA happening right now!
13740,"**SHIBA Buy Back l 16 Oct, 6pm utc Launch 
Launch:
**Saturday, 6PM UTC, 16 October 2021","**SHIBA Buy Back l 16 Oct, 6pm utc Launch  Launch: **Saturday, 6PM UTC, 16 October 2021","**SHIBA Buy Back l 16 Oct, 6pm utc Launch Launch: **Saturday, 6PM UTC, 16 October 2021"
13737,Yeah...join without a fear...few days ago they did 25x...,Yeah...join without a fear...few days ago they did 25x...,Yeah...join without a fear...few days ago they did 25x...
13736,ğŸ‘ğŸš€,ğŸ‘ğŸš€,ğŸ‘ğŸš€
13735,Assalamaleku,Assalamaleku,Assalamaleku
13734,Im in...I will se today ğŸ˜,Im in...I will se today ğŸ˜,Im in...I will se today ğŸ˜
13733,JASMY is my 50x coinğŸ¤‘ğŸ‘†,JASMY is my 50x coinğŸ¤‘ğŸ‘†,JASMY is my 50x coinğŸ¤‘ğŸ‘†
13729,"Are u guys in Simp? Dang, I'm waiting for it to dip but its coming back up so fast. I need to buy more before integration and Dubai expo because for sure, it will mooning so fcking hardğŸ¤‘","Are u guys in Simp? Dang, I'm waiting for it to dip but its coming back up so fast. I need to buy more before integration and Dubai expo because for sure, it will mooning so fcking hardğŸ¤‘","Are u guys in Simp? Dang, I'm waiting for it to dip but its coming back up so fast. I need to buy more before integration and Dubai expo because for sure, it will mooning so fcking hardğŸ¤‘"
13728,Bullrun ğŸ¥³,Bullrun ğŸ¥³,Bullrun ğŸ¥³
13727,"Bitcoin is on fire ğŸ”¥
Bitcoin crossed the $60,000 mark! Ethereum at $3,800!

â¡ï¸ @Bitcoin_Insights","Bitcoin is on fire ğŸ”¥ Bitcoin crossed the $60,000 mark! Ethereum at $3,800!  â¡ï¸ @Bitcoin_Insights","Bitcoin is on fire ğŸ”¥ Bitcoin crossed the $60,000 mark! Ethereum at $3,800! â¡ï¸ "
13723,The team that i know launching new degen play today. Last projects went 25x and 20x... Its Safu. Take a look. @ShibaBuyback,The team that i know launching new degen play today. Last projects went 25x and 20x... Its Safu. Take a look. @ShibaBuyback,The team that i know launching new degen play today. Last projects went 25x and 20x... Its Safu. Take a look. 
13721,Hi bro,Hi bro,Hi bro
13720,Hello,Hello,Hello
13718,JasmyğŸ”¥,JasmyğŸ”¥,JasmyğŸ”¥
13715,ğŸ’¸,ğŸ’¸,ğŸ’¸
13713,"And yes, Jasmy is mainly created by the members from ex-Sony.","And yes, Jasmy is mainly created by the members from ex-Sony.","And yes, Jasmy is mainly created by the members from ex-Sony."
13712,"Yes, here's what i got. 

Jasmy is an IoT platform company on a mission to provide the infrastructure which allows anybody to use data safely and securely. We are currently developing and providing the â€œJasmy Platformâ€ to achieve this.

The Jasmy Platform aims to regain data sovereignty for each individual so that everyone can use his or her data safely and securely. To achieve this, we have combined Blockchain and IoT technology to provide the optimal platform solution for customers around the world, and across industries.","Yes, here's what i got.   Jasmy is an IoT platform company on a mission to provide the infrastructure which allows anybody to use data safely and securely. We are currently developing and providing the â€œJasmy Platformâ€ to achieve this.  The Jasmy Platform aims to regain data sovereignty for each individual so that everyone can use his or her data safely and securely. To achieve this, we have combined Blockchain and IoT technology to provide the optimal platform solution for customers around the world, and across industries.","Yes, here's what i got. Jasmy is an IoT platform company on a mission to provide the infrastructure which allows anybody to use data safely and securely. We are currently developing and providing the â€œJasmy Platformâ€ to achieve this. The Jasmy Platform aims to regain data sovereignty for each individual so that everyone can use his or her data safely and securely. To achieve this, we have combined Blockchain and IoT technology to provide the optimal platform solution for customers around the world, and across industries."
13711,Awesome!,Awesome!,Awesome!
13710,"Coinbase, Coinbasepro, MXC, Gateio, Bittrex, Cexio, ZB , Hoo, Jubi, CoinEx,","Coinbase, Coinbasepro, MXC, Gateio, Bittrex, Cexio, ZB , Hoo, Jubi, CoinEx,","Coinbase, Coinbasepro, MXC, Gateio, Bittrex, Cexio, ZB , Hoo, Jubi, CoinEx,"
13707,ğŸ˜³ Director of Jamsy With Steve Jobs admin ? Please help to introduce this project this is Sony team,ğŸ˜³ Director of Jamsy With Steve Jobs admin ? Please help to introduce this project this is Sony team,ğŸ˜³ Director of Jamsy With Steve Jobs admin ? Please help to introduce this project this is Sony team
13705,Nice where I buy ?,Nice where I buy ?,Nice where I buy ?
13704,Nice I here projects already partnership with some big names?ğŸ˜,Nice I here projects already partnership with some big names?ğŸ˜,Nice I here projects already partnership with some big names?ğŸ˜
13703,"I'm impress by their technological idea where it will benefits us, rather than giving the big companies our personal data but we didn't know or we didn't gain anything from it.","I'm impress by their technological idea where it will benefits us, rather than giving the big companies our personal data but we didn't know or we didn't gain anything from it.","I'm impress by their technological idea where it will benefits us, rather than giving the big companies our personal data but we didn't know or we didn't gain anything from it."
13702,"That's the one! It's regarding the delopment on an IoT platform via Blockchain where they will restore users data back to their individual owner. Which mean, for example, the owner can control to whom or to which premises they wanted to disclosed their personal data with.","That's the one! It's regarding the delopment on an IoT platform via Blockchain where they will restore users data back to their individual owner. Which mean, for example, the owner can control to whom or to which premises they wanted to disclosed their personal data with.","That's the one! It's regarding the delopment on an IoT platform via Blockchain where they will restore users data back to their individual owner. Which mean, for example, the owner can control to whom or to which premises they wanted to disclosed their personal data with."
13701,This Jasmy? Interesting,This Jasmy? Interesting,This Jasmy? Interesting
13700,Jasmy?,Jasmy?,Jasmy?
13699,ğŸ˜ğŸ˜,ğŸ˜ğŸ˜,ğŸ˜ğŸ˜
13698,Yes recently listed on coinbase and bitfinex I'm waiting for binance  ğŸ˜jasmy is undervalued  Sony backed team right?,Yes recently listed on coinbase and bitfinex I'm waiting for binance  ğŸ˜jasmy is undervalued  Sony backed team right?,Yes recently listed on coinbase and bitfinex I'm waiting for binance ğŸ˜jasmy is undervalued Sony backed team right?
13697,Hey guys! have you heard about Jasmy?,Hey guys! have you heard about Jasmy?,Hey guys! have you heard about Jasmy?
13691,"Greetings everyone, I'm Hala .","Greetings everyone, I'm Hala .","Greetings everyone, I'm Hala ."
13690,The team that i know launching new degen play today. Last projects went 25x and 20x... Its Safu. Take a look. @ShibaBuyback,The team that i know launching new degen play today. Last projects went 25x and 20x... Its Safu. Take a look. @ShibaBuyback,The team that i know launching new degen play today. Last projects went 25x and 20x... Its Safu. Take a look. 
13687,"thnx for the info, my dude, have a good time ğŸ™ŒğŸ½ğŸ™ŒğŸ½","thnx for the info, my dude, have a good time ğŸ™ŒğŸ½ğŸ™ŒğŸ½","thnx for the info, my dude, have a good time ğŸ™ŒğŸ½ğŸ™ŒğŸ½"
13686,"ok, dude, gotta do that then ğŸ˜ğŸ‘ğŸ½ğŸ‘ğŸ½","ok, dude, gotta do that then ğŸ˜ğŸ‘ğŸ½ğŸ‘ğŸ½","ok, dude, gotta do that then ğŸ˜ğŸ‘ğŸ½ğŸ‘ğŸ½"
13685,Believe me that won't take too much time for you ğŸ‘ŒğŸ¼ğŸ˜‰,Believe me that won't take too much time for you ğŸ‘ŒğŸ¼ğŸ˜‰,Believe me that won't take too much time for you ğŸ‘ŒğŸ¼ğŸ˜‰
13684,M8 you can easily find the CA in search,M8 you can easily find the CA in search,M8 you can easily find the CA in search
13683,"@cryptowizzzzard can you, please, share a link to their official website, my dude?","@cryptowizzzzard can you, please, share a link to their official website, my dude?"," can you, please, share a link to their official website, my dude?"
13681,Ahah that's an understatement m8 ğŸ‘ŒğŸ¼,Ahah that's an understatement m8 ğŸ‘ŒğŸ¼,Ahah that's an understatement m8 ğŸ‘ŒğŸ¼
13680,@cryptowizzzzard thanks for a feedback man,@cryptowizzzzard thanks for a feedback man, thanks for a feedback man
13679,gonna check Crypto Assault out in deep later,gonna check Crypto Assault out in deep later,gonna check Crypto Assault out in deep later
13678,very promising idea for sure,very promising idea for sure,very promising idea for sure
13677,@cryptowizzzzard alright man I think I got the concept,@cryptowizzzzard alright man I think I got the concept, alright man I think I got the concept
13676,If that satellite lands within a player's territory they will receive a nice ETH bonus too ğŸ‘ŒğŸ¼,If that satellite lands within a player's territory they will receive a nice ETH bonus too ğŸ‘ŒğŸ¼,If that satellite lands within a player's territory they will receive a nice ETH bonus too ğŸ‘ŒğŸ¼
13675,Also a satellite which I mentioned earlier will drop from the sky once a day that contains a huge reward,Also a satellite which I mentioned earlier will drop from the sky once a day that contains a huge reward,Also a satellite which I mentioned earlier will drop from the sky once a day that contains a huge reward
13674,Indeed m8 ğŸ‘ğŸ¼,Indeed m8 ğŸ‘ğŸ¼,Indeed m8 ğŸ‘ğŸ¼
13673,I assume that Ethereum would be given to players as a reward,I assume that Ethereum would be given to players as a reward,I assume that Ethereum would be given to players as a reward
13672,Like CC give the whole army of units some valuable buffs not only to individuals,Like CC give the whole army of units some valuable buffs not only to individuals,Like CC give the whole army of units some valuable buffs not only to individuals
13671,ahh metaverse?,ahh metaverse?,ahh metaverse?
13670,Yep it's kinda the same but not exactly to what CryptoCommanders are offering,Yep it's kinda the same but not exactly to what CryptoCommanders are offering,Yep it's kinda the same but not exactly to what CryptoCommanders are offering
13669,Yes m8 correct: the more territory a player owns the more they are rewarded,Yes m8 correct: the more territory a player owns the more they are rewarded,Yes m8 correct: the more territory a player owns the more they are rewarded
13667,so players need to capture territories in order to become more successful in the game yup?,so players need to capture territories in order to become more successful in the game yup?,so players need to capture territories in order to become more successful in the game yup?
13666,how bout weapon as NFT with unique abilities every each of weapon and u can sell it on the marketplace like Vaporbit?,how bout weapon as NFT with unique abilities every each of weapon and u can sell it on the marketplace like Vaporbit?,how bout weapon as NFT with unique abilities every each of weapon and u can sell it on the marketplace like Vaporbit?
13665,"As you travel towards the center, each ring contains more valuable land and the satellite also has an increased chance of landing there","As you travel towards the center, each ring contains more valuable land and the satellite also has an increased chance of landing there","As you travel towards the center, each ring contains more valuable land and the satellite also has an increased chance of landing there"
13664,Sorry m8 I forgot to mention that the world itself is divided into rings,Sorry m8 I forgot to mention that the world itself is divided into rings,Sorry m8 I forgot to mention that the world itself is divided into rings
13663,"wait you said ""to the center""? what do you mean?","wait you said ""to the center""? what do you mean?","wait you said ""to the center""? what do you mean?"
13662,"ya, my dude, we get it ğŸ‘ğŸ½ğŸ‘ğŸ½","ya, my dude, we get it ğŸ‘ğŸ½ğŸ‘ğŸ½","ya, my dude, we get it ğŸ‘ğŸ½ğŸ‘ğŸ½"
13660,yeah I understand that it's needed to be done np,yeah I understand that it's needed to be done np,yeah I understand that it's needed to be done np
13659,"So everyone will not just ""+W"" to the center of the map you know ğŸ˜„","So everyone will not just ""+W"" to the center of the map you know ğŸ˜„","So everyone will not just ""+W"" to the center of the map you know ğŸ˜„"
13658,Yes m8 but it's all for making everything balanced out the right way,Yes m8 but it's all for making everything balanced out the right way,Yes m8 but it's all for making everything balanced out the right way
13657,so some restrictions are present as well,so some restrictions are present as well,so some restrictions are present as well
13656,In addition to that ground units will need to avoid water trees mountains and other ground units while aerial units will be able to fly over most obstacles,In addition to that ground units will need to avoid water trees mountains and other ground units while aerial units will be able to fly over most obstacles,In addition to that ground units will need to avoid water trees mountains and other ground units while aerial units will be able to fly over most obstacles
13655,In fact unit must refuel for 3 hours after every move and has a max distance that it can travel at a time,In fact unit must refuel for 3 hours after every move and has a max distance that it can travel at a time,In fact unit must refuel for 3 hours after every move and has a max distance that it can travel at a time
13654,Well m8s sorry but that's not exactly the case,Well m8s sorry but that's not exactly the case,Well m8s sorry but that's not exactly the case
13653,"that would be awesome, my dude ğŸ‘ŒğŸ½ğŸ‘ŒğŸ½","that would be awesome, my dude ğŸ‘ŒğŸ½ğŸ‘ŒğŸ½","that would be awesome, my dude ğŸ‘ŒğŸ½ğŸ‘ŒğŸ½"
13652,oh so there's a complete freedom of activities yup? you can take your units wherever you want to and do whatever you planned?,oh so there's a complete freedom of activities yup? you can take your units wherever you want to and do whatever you planned?,oh so there's a complete freedom of activities yup? you can take your units wherever you want to and do whatever you planned?
13651,Units will be moving in real-time to capture territory mine resources and well obviously battle other units,Units will be moving in real-time to capture territory mine resources and well obviously battle other units,Units will be moving in real-time to capture territory mine resources and well obviously battle other units
13650,It's all going on a huge 3D world with thousands of players,It's all going on a huge 3D world with thousands of players,It's all going on a huge 3D world with thousands of players
13649,Yeah of course m8,Yeah of course m8,Yeah of course m8
13648,@cryptowizzzzard where those battles are happening?,@cryptowizzzzard where those battles are happening?, where those battles are happening?
13647,@cryptowizzzzard any info about where the action is taking place?,@cryptowizzzzard any info about where the action is taking place?, any info about where the action is taking place?
13646,@cryptowizzzzard so far so good man,@cryptowizzzzard so far so good man, so far so good man
13643,"innovators would you call them, right??","innovators would you call them, right??","innovators would you call them, right??"
13640,"wow that's great, my dude, I like it ğŸ˜ğŸ‘ğŸ½ğŸ‘ğŸ½","wow that's great, my dude, I like it ğŸ˜ğŸ‘ğŸ½ğŸ‘ğŸ½","wow that's great, my dude, I like it ğŸ˜ğŸ‘ğŸ½ğŸ‘ğŸ½"
13639,To this date there's nothing even close to that on the market,To this date there's nothing even close to that on the market,To this date there's nothing even close to that on the market
13638,"It's actually what most of us gamers are interested in: unique NFT items (in this case â€” avatars), which have their own special abilities that can be used to enhance units and help gaining dominance on the battlefield ğŸ˜‰ğŸ‘ŒğŸ¼","It's actually what most of us gamers are interested in: unique NFT items (in this case â€” avatars), which have their own special abilities that can be used to enhance units and help gaining dominance on the battlefield ğŸ˜‰ğŸ‘ŒğŸ¼","It's actually what most of us gamers are interested in: unique NFT items (in this case â€” avatars), which have their own special abilities that can be used to enhance units and help gaining dominance on the battlefield ğŸ˜‰ğŸ‘ŒğŸ¼"
13637,"++++ it sounds fun, dude, what's the deal?","++++ it sounds fun, dude, what's the deal?","++++ it sounds fun, dude, what's the deal?"
13636,what is this mechanic? can you explain shortly plz?,what is this mechanic? can you explain shortly plz?,what is this mechanic? can you explain shortly plz?
13635,Feel free to check it out too ğŸ‘ŒğŸ¼,Feel free to check it out too ğŸ‘ŒğŸ¼,Feel free to check it out too ğŸ‘ŒğŸ¼
13634,"@AndreasDoes the mechanic called ""CryptoCommanders"" is introduced in CryptoAssault","@AndreasDoes the mechanic called ""CryptoCommanders"" is introduced in CryptoAssault"," the mechanic called ""CryptoCommanders"" is introduced in CryptoAssault"
13633,Speaking of mechanics btw,Speaking of mechanics btw,Speaking of mechanics btw
13632,That's what I'm saying as well m8 ğŸ‘ŒğŸ¼ğŸ˜‰,That's what I'm saying as well m8 ğŸ‘ŒğŸ¼ğŸ˜‰,That's what I'm saying as well m8 ğŸ‘ŒğŸ¼ğŸ˜‰
13631,"wow, cool then ğŸ˜ğŸ‘ğŸ½ğŸ‘ğŸ½","wow, cool then ğŸ˜ğŸ‘ğŸ½ğŸ‘ğŸ½","wow, cool then ğŸ˜ğŸ‘ğŸ½ğŸ‘ğŸ½"
13629,"tell me, my dude, can units be combined, huh? like in purpose to make more powerful ones?","tell me, my dude, can units be combined, huh? like in purpose to make more powerful ones?","tell me, my dude, can units be combined, huh? like in purpose to make more powerful ones?"
13628,alright nice,alright nice,alright nice
13627,They will just go back to your inventory to be repaired for a few hours n8 and that's all ğŸ‘ŒğŸ¼,They will just go back to your inventory to be repaired for a few hours n8 and that's all ğŸ‘ŒğŸ¼,They will just go back to your inventory to be repaired for a few hours n8 and that's all ğŸ‘ŒğŸ¼
13626,ok if not what's happening with them? what is the mechanic?,ok if not what's happening with them? what is the mechanic?,ok if not what's happening with them? what is the mechanic?
13625,Units won't be destroyed if they fall in a battle ğŸ‘ŒğŸ¼,Units won't be destroyed if they fall in a battle ğŸ‘ŒğŸ¼,Units won't be destroyed if they fall in a battle ğŸ‘ŒğŸ¼
13624,And devs understand that too so no m8,And devs understand that too so no m8,And devs understand that too so no m8
13623,Yeah m8 I get it,Yeah m8 I get it,Yeah m8 I get it
13622,not sure tho but we will see,not sure tho but we will see,not sure tho but we will see
13621,"@AndreasDoes what do we have here, bro? new gaming gem??","@AndreasDoes what do we have here, bro? new gaming gem??"," what do we have here, bro? new gaming gem??"
13620,"you have my attention, dudes ğŸ‘ğŸ½ğŸ‘ğŸ½","you have my attention, dudes ğŸ‘ğŸ½ğŸ‘ğŸ½","you have my attention, dudes ğŸ‘ğŸ½ğŸ‘ğŸ½"
13618,because they are bought with basically real users money so that is very important to know,because they are bought with basically real users money so that is very important to know,because they are bought with basically real users money so that is very important to know
13617,@cryptowizzzzard could those units you are talking about be destroyed potentially?,@cryptowizzzzard could those units you are talking about be destroyed potentially?, could those units you are talking about be destroyed potentially?
13615,seems like we have something quite good here,seems like we have something quite good here,seems like we have something quite good here
13614,@elonnotmusksorry man you asked me to tag,@elonnotmusksorry man you asked me to tag, man you asked me to tag
13613,By purchasing units you're getting a headstart to building your own in-game army which will fight for territorial supremacy,By purchasing units you're getting a headstart to building your own in-game army which will fight for territorial supremacy,By purchasing units you're getting a headstart to building your own in-game army which will fight for territorial supremacy
13612,In fact every unit is a unique tradeable ERC-721 token m8,In fact every unit is a unique tradeable ERC-721 token m8,In fact every unit is a unique tradeable ERC-721 token m8
13610,@cryptowizzzzard what's up with those units tho? what are they?,@cryptowizzzzard what's up with those units tho? what are they?, what's up with those units tho? what are they?
13609,really? that's interesting,really? that's interesting,really? that's interesting
13608,hey sounds like something I have been looking for,hey sounds like something I have been looking for,hey sounds like something I have been looking for
13607,And it offers users an option to use Ethereum to buy units which later would be sent to battle m8,And it offers users an option to use Ethereum to buy units which later would be sent to battle m8,And it offers users an option to use Ethereum to buy units which later would be sent to battle m8
13606,CryptoAssault m8 is a game built on Blockchain,CryptoAssault m8 is a game built on Blockchain,CryptoAssault m8 is a game built on Blockchain
13605,Oh m8 you really don't know what you're missing then ğŸ‘ŒğŸ¼,Oh m8 you really don't know what you're missing then ğŸ‘ŒğŸ¼,Oh m8 you really don't know what you're missing then ğŸ‘ŒğŸ¼
13604,what's that?,what's that?,what's that?
13603,"""CryptoAssault""? no actually not","""CryptoAssault""? no actually not","""CryptoAssault""? no actually not"
13602,@AndreasDoes have you heard about CryptoAssault?,@AndreasDoes have you heard about CryptoAssault?, have you heard about CryptoAssault?
13601,@AndreasDoes guess I have something to share with you as a gamer m8,@AndreasDoes guess I have something to share with you as a gamer m8, guess I have something to share with you as a gamer m8
13600,yeah pretty much,yeah pretty much,yeah pretty much
13599,I see you're definitely know where the wind blows m8 ğŸ‘ŒğŸ¼,I see you're definitely know where the wind blows m8 ğŸ‘ŒğŸ¼,I see you're definitely know where the wind blows m8 ğŸ‘ŒğŸ¼
13595,no problem at all,no problem at all,no problem at all
13594,of course man,of course man,of course man
13592,"will be very thankful for that, my dude ğŸ‘ğŸ½ğŸ‘ğŸ½","will be very thankful for that, my dude ğŸ‘ğŸ½ğŸ‘ğŸ½","will be very thankful for that, my dude ğŸ‘ğŸ½ğŸ‘ğŸ½"
13591,"@AndreasDoes can you, please, tag me if you'll get any answers?","@AndreasDoes can you, please, tag me if you'll get any answers?"," can you, please, tag me if you'll get any answers?"
13590,"my dude, we're in the same boat here, I tell ya ğŸ˜ğŸ‘ŒğŸ½ğŸ‘ŒğŸ½","my dude, we're in the same boat here, I tell ya ğŸ˜ğŸ‘ŒğŸ½ğŸ‘ŒğŸ½","my dude, we're in the same boat here, I tell ya ğŸ˜ğŸ‘ŒğŸ½ğŸ‘ŒğŸ½"
13588,would appreciate all the feedbacks guys srsly,would appreciate all the feedbacks guys srsly,would appreciate all the feedbacks guys srsly
13587,any NFTholics or gamers in here who can give me a good call on it?,any NFTholics or gamers in here who can give me a good call on it?,any NFTholics or gamers in here who can give me a good call on it?
13586,I always was a game fan and now searching for the right place to jump in considering NFT market growing,I always was a game fan and now searching for the right place to jump in considering NFT market growing,I always was a game fan and now searching for the right place to jump in considering NFT market growing
13585,I'm looking for a great gaming project as NFTs are starting to be a real deal,I'm looking for a great gaming project as NFTs are starting to be a real deal,I'm looking for a great gaming project as NFTs are starting to be a real deal
13584,greetings ladies and gentlemen,greetings ladies and gentlemen,greetings ladies and gentlemen
13581,"FLOKI SHIBA is the new BSC Gem

âš¡ï¸STEALTH LAUNCHâš¡ï¸

ğŸš€ Anytime with only 15 members ğŸš€

Join now
@Flokishibagroup",FLOKI SHIBA is the new BSC Gem  âš¡ï¸STEALTH LAUNCHâš¡ï¸  ğŸš€ Anytime with only 15 members ğŸš€  Join now @Flokishibagroup,FLOKI SHIBA is the new BSC Gem âš¡ï¸STEALTH LAUNCHâš¡ï¸ ğŸš€ Anytime with only 15 members ğŸš€ Join now 
13578,Assalamaleku,Assalamaleku,Assalamaleku
13577,Hin,Hin,Hin
13576,You might wanna visit @onlypumpup! Fairlaunching today at 2:30PM UTC! Dev is Doxxed! Huge marketing plan ahead!,You might wanna visit @onlypumpup! Fairlaunching today at 2:30PM UTC! Dev is Doxxed! Huge marketing plan ahead!,You might wanna visit ! Fairlaunching today at 2:30PM UTC! Dev is Doxxed! Huge marketing plan ahead!
13575,Sup men,Sup men,Sup men
13574,Yo guys!,Yo guys!,Yo guys!
13571,"Anubi, is the egyptian name of the god of death and the Underworld. In the Crypto space Anubis comes to protect its holders and to overtake its biggest competitors #DOGE #SHIBA!

âš”ï¸ 1Q Total Supply
ğŸ”¥ 70% Burn
ğŸŒ 1% reflect
ğŸ§¾ 1% LP fee
CONTRACT: 
ğŸ“šMain Features: 0 x43d994d7e31096094fed9dff803194858a37e89c
âœ… LP LOCKED
âœ… Completely un-ruggable!
âœ… Verified Contract

 TG: @NewAnubis","Anubi, is the egyptian name of the god of death and the Underworld. In the Crypto space Anubis comes to protect its holders and to overtake its biggest competitors #DOGE #SHIBA!  âš”ï¸ 1Q Total Supply ğŸ”¥ 70% Burn ğŸŒ 1% reflect ğŸ§¾ 1% LP fee CONTRACT:  ğŸ“šMain Features: 0 x43d994d7e31096094fed9dff803194858a37e89c âœ… LP LOCKED âœ… Completely un-ruggable! âœ… Verified Contract   TG: @NewAnubis","Anubi, is the egyptian name of the god of death and the Underworld. In the Crypto space Anubis comes to protect its holders and to overtake its biggest competitors #DOGE #SHIBA! âš”ï¸ 1Q Total Supply ğŸ”¥ 70% Burn ğŸŒ 1% reflect ğŸ§¾ 1% LP fee CONTRACT: ğŸ“šMain Features: 0 x43d994d7e31096094fed9dff803194858a37e89c âœ… LP LOCKED âœ… Completely un-ruggable! âœ… Verified Contract TG: "
13570,"**Welcome Paige to CryptoRobinhoodersğŸš€. 

Feel free to discuss and share your opinion with the rest of us!**",**Welcome Paige to CryptoRobinhoodersğŸš€.   Feel free to discuss and share your opinion with the rest of us!**,**Welcome Paige to CryptoRobinhoodersğŸš€. Feel free to discuss and share your opinion with the rest of us!**
13555,It's an opportunity you shouldn't miss miss. And it has to do with gaming NFTs.,It's an opportunity you shouldn't miss miss. And it has to do with gaming NFTs.,It's an opportunity you shouldn't miss miss. And it has to do with gaming NFTs.
13554,You can join me an wait for holoride launch,You can join me an wait for holoride launch,You can join me an wait for holoride launch
13553,"It is scheduled Oct. 15, 6 PM CEST. Bettee check their twitter CryptoHelp_com","It is scheduled Oct. 15, 6 PM CEST. Bettee check their twitter CryptoHelp_com","It is scheduled Oct. 15, 6 PM CEST. Bettee check their twitter CryptoHelp_com"
13552,Sure thing! When?,Sure thing! When?,Sure thing! When?
13551,I know! You might wanna join its AMA to know it better,I know! You might wanna join its AMA to know it better,I know! You might wanna join its AMA to know it better
13550,Gotta agree on this tho. Worth giving a try,Gotta agree on this tho. Worth giving a try,Gotta agree on this tho. Worth giving a try
13549,Heyyy check out Dreams Quest!,Heyyy check out Dreams Quest!,Heyyy check out Dreams Quest!
13548,That's totally out of the picture. And risk is always with investing. What's great in this is that you are presented with a good collateral system,That's totally out of the picture. And risk is always with investing. What's great in this is that you are presented with a good collateral system,That's totally out of the picture. And risk is always with investing. What's great in this is that you are presented with a good collateral system
13547,"Hello everyone, any recommended NFT games here?","Hello everyone, any recommended NFT games here?","Hello everyone, any recommended NFT games here?"
13546,Isn't that too risky?,Isn't that too risky?,Isn't that too risky?
13544,"Well you can start investing with little time or money, even without great knowledge in the field","Well you can start investing with little time or money, even without great knowledge in the field","Well you can start investing with little time or money, even without great knowledge in the field"
13543,Not quite a long time! But how is this one helpful tho?,Not quite a long time! But how is this one helpful tho?,Not quite a long time! But how is this one helpful tho?
13542,"You've been in the crypto space for long? Well if not, you might find CryptoHelp helpful for you","You've been in the crypto space for long? Well if not, you might find CryptoHelp helpful for you","You've been in the crypto space for long? Well if not, you might find CryptoHelp helpful for you"
13541,Hey guys! Any good projects now?,Hey guys! Any good projects now?,Hey guys! Any good projects now?
13539,Bgu,Bgu,Bgu
13538,Hello can you give bnb please badly needed?,Hello can you give bnb please badly needed?,Hello can you give bnb please badly needed?
13537,Hello everyoneğŸ‘‹,Hello everyoneğŸ‘‹,Hello everyoneğŸ‘‹
13533,"@GenshinShibaDark
It's safe",@GenshinShibaDark It's safe, It's safe
13532,Assalamaleku,Assalamaleku,Assalamaleku
13530,ğŸ‘,ğŸ‘,ğŸ‘
13528,"Hi everyone, ğŸ¤˜ğŸ¤˜ğŸ¤˜Ex-Sports  Community Giveaway airdrop is still going on.ğŸ¥³ They will distribute 2000 $T among the participants u just need use ExSports AirdropBot ğŸ—“ it will be ended  on 18th Oct.ğŸ’µ","Hi everyone, ğŸ¤˜ğŸ¤˜ğŸ¤˜Ex-Sports  Community Giveaway airdrop is still going on.ğŸ¥³ They will distribute 2000 $T among the participants u just need use ExSports AirdropBot ğŸ—“ it will be ended  on 18th Oct.ğŸ’µ","Hi everyone, ğŸ¤˜ğŸ¤˜ğŸ¤˜Ex-Sports Community Giveaway airdrop is still going on.ğŸ¥³ They will distribute 2000 $T among the participants u just need use ExSports AirdropBot ğŸ—“ it will be ended on 18th Oct.ğŸ’µ"
13447,"Dear Ethereum (ETH) Crypto Fans, Mark Your Calendars for Oct. 27

Ethereum crypto fans should be keeping a watch now as it prepares for one of its biggest upgrades yet.

As a way to ease into this major transition, the network is undergoing a ""Warm-up"" upgrade on Oct. 27.

Source 

â†ªï¸https://t.me/Cryptocurrency_Inside","Dear Ethereum (ETH) Crypto Fans, Mark Your Calendars for Oct. 27  Ethereum crypto fans should be keeping a watch now as it prepares for one of its biggest upgrades yet.  As a way to ease into this major transition, the network is undergoing a ""Warm-up"" upgrade on Oct. 27.  Source   â†ªï¸https://t.me/Cryptocurrency_Inside","Dear Ethereum (ETH) Crypto Fans, Mark Your Calendars for Oct. 27 Ethereum crypto fans should be keeping a watch now as it prepares for one of its biggest upgrades yet. As a way to ease into this major transition, the network is undergoing a ""Warm-up"" upgrade on Oct. 27. Source â†ªï¸https://t.me/Cryptocurrency_Inside"
13446,Hows it going,Hows it going,Hows it going
13445,Hey guys!,Hey guys!,Hey guys!
13442,Assalamaleku,Assalamaleku,Assalamaleku
13441,check it and see if yall like it,check it and see if yall like it,check it and see if yall like it
13440,found a good one called foxville.app it's basically a farm game also  got 3d nfts,found a good one called foxville.app it's basically a farm game also  got 3d nfts,found a good one called foxville.app it's basically a farm game also got 3d nfts
13439,i was checking the new upcoming nft projects,i was checking the new upcoming nft projects,i was checking the new upcoming nft projects
13438,hi guys,hi guys,hi guys
12008,last two projects was great...,last two projects was great...,last two projects was great...
12007,safe dev and awesome team behind...,safe dev and awesome team behind...,safe dev and awesome team behind...
12006,"ğŸ”¶ The only stealthcoin you don't want to miss : $FHYB ğŸ”¶

Floki will prove you again his value and won't let you down, he has ya back bro ! 

Stealthlaunch today between 7pm and 8pm 

ğŸ’° Massive buybacks (by floki himself)
ğŸ‘Š Anti-Jeets, anti-dumps & anti-whale measures.
ğŸ•“ Liquidity locked
ğŸ’ª Dev experimented in making stealth go x100
ğŸ”¥ Effective launching plan with good influencers back up

ğŸ‘‰ Today is finally the day Floki will make you get that tesla..

@FlokiHasYourBack","ğŸ”¶ The only stealthcoin you don't want to miss : $FHYB ğŸ”¶  Floki will prove you again his value and won't let you down, he has ya back bro !   Stealthlaunch today between 7pm and 8pm   ğŸ’° Massive buybacks (by floki himself) ğŸ‘Š Anti-Jeets, anti-dumps & anti-whale measures. ğŸ•“ Liquidity locked ğŸ’ª Dev experimented in making stealth go x100 ğŸ”¥ Effective launching plan with good influencers back up  ğŸ‘‰ Today is finally the day Floki will make you get that tesla..  @FlokiHasYourBack","ğŸ”¶ The only stealthcoin you don't want to miss : $FHYB ğŸ”¶ Floki will prove you again his value and won't let you down, he has ya back bro ! Stealthlaunch today between 7pm and 8pm ğŸ’° Massive buybacks (by floki himself) ğŸ‘Š Anti-Jeets, anti-dumps & anti-whale measures. ğŸ•“ Liquidity locked ğŸ’ª Dev experimented in making stealth go x100 ğŸ”¥ Effective launching plan with good influencers back up ğŸ‘‰ Today is finally the day Floki will make you get that tesla.. "
12005,"ğŸ’£ FEEL GOOD Minting Launch 14th October Don't Miss Out ğŸ’£

ğŸ“¢ The FEEL GOOD NFT collection is breaking new ground. A randomly generated collection whereby every piece of artwork has been designed and created by world-renowned artists from the traditional art world. This unique collection will be launching soon on Ethereum. Join the various socials to keep up to dateğŸ”¥
                                                                                                                             ğŸ“ŒLaunch: 14th October 8pm UTC 
ğŸ”¸Ticker: FEELGOOD 
ğŸ”¸Total Supply: 8,888

ğŸ”˜ Minting Costs 0,088 ETH + Gas                                                                  
ğŸ”˜ Different Rarity Levels

ğŸ“±Socials:                                                                                                                             ğŸ”¹Discord Feel Good
ğŸ”¹Telegram Feel Good
ğŸ”¹Twitter Feel Good                                                                                 ğŸ”¹Web Feel Good","ğŸ’£ FEEL GOOD Minting Launch 14th October Don't Miss Out ğŸ’£  ğŸ“¢ The FEEL GOOD NFT collection is breaking new ground. A randomly generated collection whereby every piece of artwork has been designed and created by world-renowned artists from the traditional art world. This unique collection will be launching soon on Ethereum. Join the various socials to keep up to dateğŸ”¥                                                                                                                              ğŸ“ŒLaunch: 14th October 8pm UTC  ğŸ”¸Ticker: FEELGOOD  ğŸ”¸Total Supply: 8,888  ğŸ”˜ Minting Costs 0,088 ETH + Gas                                                                   ğŸ”˜ Different Rarity Levels  ğŸ“±Socials:                                                                                                                             ğŸ”¹Discord Feel Good ğŸ”¹Telegram Feel Good ğŸ”¹Twitter Feel Good                                                                                 ğŸ”¹Web Feel Good","ğŸ’£ FEEL GOOD Minting Launch 14th October Don't Miss Out ğŸ’£ ğŸ“¢ The FEEL GOOD NFT collection is breaking new ground. A randomly generated collection whereby every piece of artwork has been designed and created by world-renowned artists from the traditional art world. This unique collection will be launching soon on Ethereum. Join the various socials to keep up to dateğŸ”¥ ğŸ“ŒLaunch: 14th October 8pm UTC ğŸ”¸Ticker: FEELGOOD ğŸ”¸Total Supply: 8,888 ğŸ”˜ Minting Costs 0,088 ETH + Gas ğŸ”˜ Different Rarity Levels ğŸ“±Socials: ğŸ”¹Discord Feel Good ğŸ”¹Telegram Feel Good ğŸ”¹Twitter Feel Good ğŸ”¹Web Feel Good"
12004,hello everyone,hello everyone,hello everyone
12001,"That coin has a potential mate, but as of now I'm not sure if that coin is a good investment mate","That coin has a potential mate, but as of now I'm not sure if that coin is a good investment mate","That coin has a potential mate, but as of now I'm not sure if that coin is a good investment mate"
12000,What you all think about rvn? Good investment or not?,What you all think about rvn? Good investment or not?,What you all think about rvn? Good investment or not?
11999,"â€œThe reason I own Bitcoin is because the U.S. government and every government in the western hemisphere is printing money now to the end of time,â€ said Billionaire Barry Sternlicht.","â€œThe reason I own Bitcoin is because the U.S. government and every government in the western hemisphere is printing money now to the end of time,â€ said Billionaire Barry Sternlicht.","â€œThe reason I own Bitcoin is because the U.S. government and every government in the western hemisphere is printing money now to the end of time,â€ said Billionaire Barry Sternlicht."
11997,What alts are you guys holding?,What alts are you guys holding?,What alts are you guys holding?
11996,Hello guys!,Hello guys!,Hello guys!
11995,Assalamaleku,Assalamaleku,Assalamaleku
11994,goof day mates!,goof day mates!,goof day mates!
11992,ğŸ¤”,ğŸ¤”,ğŸ¤”
11991,"94mln potential users ready to step in crypto market

According to Bank of America, 94 million people from developing countries would be ready to buy digital assets more stable than national currencies, devalued by hyperinflation.

And if we consider the percentage of the unbanked population in the world, users could still increase.

In this context, the reserves of BTC in exchanges are at annual lows, causing a supply crunch.

If the digital gold rush really starts in emerging markets, the next few months will be decidedly overheated.

[Source](https://cryptoquant.com/quicktake/616595e968771e1e6207624c-94mln-potential-users-ready-to-step-in-crypto-market?utm_source=telegram&utm_medium=sns&utm_campaign=Quicktake&utm_content=Cristoff)

â†ªï¸https://t.me/Cryptocurrency_Inside","94mln potential users ready to step in crypto market  According to Bank of America, 94 million people from developing countries would be ready to buy digital assets more stable than national currencies, devalued by hyperinflation.  And if we consider the percentage of the unbanked population in the world, users could still increase.  In this context, the reserves of BTC in exchanges are at annual lows, causing a supply crunch.  If the digital gold rush really starts in emerging markets, the next few months will be decidedly overheated.  [Source](https://cryptoquant.com/quicktake/616595e968771e1e6207624c-94mln-potential-users-ready-to-step-in-crypto-market?utm_source=telegram&utm_medium=sns&utm_campaign=Quicktake&utm_content=Cristoff)  â†ªï¸https://t.me/Cryptocurrency_Inside","94mln potential users ready to step in crypto market According to Bank of America, 94 million people from developing countries would be ready to buy digital assets more stable than national currencies, devalued by hyperinflation. And if we consider the percentage of the unbanked population in the world, users could still increase. In this context, the reserves of BTC in exchanges are at annual lows, causing a supply crunch. If the digital gold rush really starts in emerging markets, the next few months will be decidedly overheated. [Source](https://cryptoquant.com/quicktake/616595e968771e1e6207624c-94mln-potential-users-ready-to-step-in-crypto-market?utm_source=telegram&utm_medium=sns&utm_campaign=Quicktake&utm_content=Cristoff) â†ªï¸https://t.me/Cryptocurrency_Inside"
11990,Good morning â˜€ï¸ everyone ğŸ˜Š,Good morning â˜€ï¸ everyone ğŸ˜Š,Good morning â˜€ï¸ everyone ğŸ˜Š
11989,What project caught your attention recently?,What project caught your attention recently?,What project caught your attention recently?
11988,Hello guys!,Hello guys!,Hello guys!
11986,Yas,Yas,Yas
11985,Hi everyone,Hi everyone,Hi everyone
11984,Hi everyone,Hi everyone,Hi everyone
11983,Hi everyone,Hi everyone,Hi everyone
11982,im girl on youtube i want to promote your project if anyone want to promote your website or any token or any project on my youtube channel then sir please message me on,im girl on youtube i want to promote your project if anyone want to promote your website or any token or any project on my youtube channel then sir please message me on,im girl on youtube i want to promote your project if anyone want to promote your website or any token or any project on my youtube channel then sir please message me on
11979,Hello everyone,Hello everyone,Hello everyone
11978,Hello everyone,Hello everyone,Hello everyone
11976,it has a potential,it has a potential,it has a potential
11975,Look at this huge transaction i found,Look at this huge transaction i found,Look at this huge transaction i found
11973,Ofcourse $GS,Ofcourse $GS,Ofcourse $GS
11971,Bagels,Bagels,Bagels
11970,Sad to say i didnt win,Sad to say i didnt win,Sad to say i didnt win
11968,I also participated in the AMA earlier,I also participated in the AMA earlier,I also participated in the AMA earlier
11967,They are having whitelisting in Acknoledger.,They are having whitelisting in Acknoledger.,They are having whitelisting in Acknoledger.
11966,This is a great project Genesis Shards,This is a great project Genesis Shards,This is a great project Genesis Shards
11965,Binance ğŸ¥°ğŸ¤‘ğŸš€ğŸ’,Binance ğŸ¥°ğŸ¤‘ğŸš€ğŸ’,Binance ğŸ¥°ğŸ¤‘ğŸš€ğŸ’
11962,I would love to join in staking,I would love to join in staking,I would love to join in staking
11961,Impressive  how about new pre ido?,Impressive  how about new pre ido?,Impressive how about new pre ido?
11960,so what`s token is the most promising right now?,so what`s token is the most promising right now?,so what`s token is the most promising right now?
11959,Lots of activities in Genesis Shards,Lots of activities in Genesis Shards,Lots of activities in Genesis Shards
11958,They also have staking right now,They also have staking right now,They also have staking right now
11955,You got it right,You got it right,You got it right
11954,"Genesis Shards (GS) isÂ **a decentralized ecosystem based on Polkadot**Â that reimagines non-fungible tokens (NFTs) as a decentralized finance (DeFi) option, creating a seamless cross-chain liquidity environment for pre-initial dex offering (IDO) tokens","Genesis Shards (GS) isÂ **a decentralized ecosystem based on Polkadot**Â that reimagines non-fungible tokens (NFTs) as a decentralized finance (DeFi) option, creating a seamless cross-chain liquidity environment for pre-initial dex offering (IDO) tokens","Genesis Shards (GS) isÂ **a decentralized ecosystem based on Polkadot**Â that reimagines non-fungible tokens (NFTs) as a decentralized finance (DeFi) option, creating a seamless cross-chain liquidity environment for pre-initial dex offering (IDO) tokens"
11953,"1. What is Bagels Finance?

Answer :

âœ… Bagels Finance is the first cross-chain leveraged yield farming protocol based on Ethereum, BSC and HECO. Users can deposit ETH, WBTC, USDT, DAI, BNB, HT and other assets into Bagels smart contracts to earn high APY; Bagels aims to provide users with up to 10x leverage to earn the highest APY in DeFi liquidity farming market through strategically interacting with multiple DeFi products for farming. It provides better liquidity for Ethereum, BSC and HECO ecosystems.","1. What is Bagels Finance?  Answer :  âœ… Bagels Finance is the first cross-chain leveraged yield farming protocol based on Ethereum, BSC and HECO. Users can deposit ETH, WBTC, USDT, DAI, BNB, HT and other assets into Bagels smart contracts to earn high APY; Bagels aims to provide users with up to 10x leverage to earn the highest APY in DeFi liquidity farming market through strategically interacting with multiple DeFi products for farming. It provides better liquidity for Ethereum, BSC and HECO ecosystems.","1. What is Bagels Finance? Answer : âœ… Bagels Finance is the first cross-chain leveraged yield farming protocol based on Ethereum, BSC and HECO. Users can deposit ETH, WBTC, USDT, DAI, BNB, HT and other assets into Bagels smart contracts to earn high APY; Bagels aims to provide users with up to 10x leverage to earn the highest APY in DeFi liquidity farming market through strategically interacting with multiple DeFi products for farming. It provides better liquidity for Ethereum, BSC and HECO ecosystems."
11952,But you ask what they do.,But you ask what they do.,But you ask what they do.
11951,If im not mistaken they are hodling some pre IDO.,If im not mistaken they are hodling some pre IDO.,If im not mistaken they are hodling some pre IDO.
11950,"me too, im interested","me too, im interested","me too, im interested"
11949,I would appreciate if you can share some information about it.,I would appreciate if you can share some information about it.,I would appreciate if you can share some information about it.
11948,what they do?,what they do?,what they do?
11947,But i cant remember when and where.,But i cant remember when and where.,But i cant remember when and where.
11946,I think i already heard this project,I think i already heard this project,I think i already heard this project
11945,Genesis Shards?,Genesis Shards?,Genesis Shards?
11942,what is it?,what is it?,what is it?
11941,This is insane over 1 eth per transaction.,This is insane over 1 eth per transaction.,This is insane over 1 eth per transaction.
11940,I am seeing huge accumulation right now,I am seeing huge accumulation right now,I am seeing huge accumulation right now
11939,Does anyone heard about Genesis Shards?,Does anyone heard about Genesis Shards?,Does anyone heard about Genesis Shards?
11938,"sounds new to me ,what they do?","sounds new to me ,what they do?","sounds new to me ,what they do?"
11937,Bagels Finance,Bagels Finance,Bagels Finance
11936,"Hi everyone, which token is the most promising right now?","Hi everyone, which token is the most promising right now?","Hi everyone, which token is the most promising right now?"
11935,"last updates guys,ğŸ’£
SupraOracles (my favorite project) has just announced their strategic partnership with XPredictMarket which is highly robust, decentralized cross-chain prediction platform.","last updates guys,ğŸ’£ SupraOracles (my favorite project) has just announced their strategic partnership with XPredictMarket which is highly robust, decentralized cross-chain prediction platform.","last updates guys,ğŸ’£ SupraOracles (my favorite project) has just announced their strategic partnership with XPredictMarket which is highly robust, decentralized cross-chain prediction platform."
11934,"90% of projects on BSC are scam, pump and rug","90% of projects on BSC are scam, pump and rug","90% of projects on BSC are scam, pump and rug"
11933,"@onlypump, private sale will end tomorrow! Be sure to grab a slot today! Whales are in! What re you waiting for?","@onlypump, private sale will end tomorrow! Be sure to grab a slot today! Whales are in! What re you waiting for?",", private sale will end tomorrow! Be sure to grab a slot today! Whales are in! What re you waiting for?"
11932,"If you have a bitcoin wallet now, invest $100, earn $1,500, pm me","If you have a bitcoin wallet now, invest $100, earn $1,500, pm me","If you have a bitcoin wallet now, invest $100, earn $1,500, pm me"
11931,what project is this?,what project is this?,what project is this?
11930,Guys AMA ongoing SpaceXFloki_official.,Guys AMA ongoing SpaceXFloki_official.,Guys AMA ongoing SpaceXFloki_official.
11929,"Hey guys ,can you recommend some project?","Hey guys ,can you recommend some project?","Hey guys ,can you recommend some project?"
11925,You will love it guys.,You will love it guys.,You will love it guys.
11924,"Guys join https://t.me/Zlaunchbotofficial

SpaceXfloki AMA is going.",Guys join https://t.me/Zlaunchbotofficial  SpaceXfloki AMA is going.,Guys join https://t.me/Zlaunchbotofficial SpaceXfloki AMA is going.
11917,"BabyPuppynomicsğŸš€ğŸŒ•

-NO PRESALE

ğŸ’¥STEALTH LAUNCHğŸ’¥

7% Floki RewardsğŸ
4%  LPğŸ”
4%  MarketingğŸ‘

â€”â€”â€”  ğŸ‘ TELEGRAM ğŸ‘  â€”â€”â€”-
@BabyPuppynomics



Contract will be shared at the launch by DEV.",BabyPuppynomicsğŸš€ğŸŒ•  -NO PRESALE  ğŸ’¥STEALTH LAUNCHğŸ’¥  7% Floki RewardsğŸ 4%  LPğŸ” 4%  MarketingğŸ‘  â€”â€”â€”  ğŸ‘ TELEGRAM ğŸ‘  â€”â€”â€”- @BabyPuppynomics    Contract will be shared at the launch by DEV.,BabyPuppynomicsğŸš€ğŸŒ• -NO PRESALE ğŸ’¥STEALTH LAUNCHğŸ’¥ 7% Floki RewardsğŸ 4% LPğŸ” 4% MarketingğŸ‘ â€”â€”â€” ğŸ‘ TELEGRAM ğŸ‘ â€”â€”â€”- Contract will be shared at the launch by DEV.
11902,Hope you earn,Hope you earn,Hope you earn
11901,@WorldXFoundationGlobal,@WorldXFoundationGlobal,
11900,Hello,Hello,Hello
11537,Hello,Hello,Hello
11161,Hey guys!,Hey guys!,Hey guys!
11158,"[**Dogecoin](https://www.coingecko.com/en/coins/dogecoin)** **- [$DOGE**](https://twitter.com/search?q=%24DOGE) [10]
ğŸ’° Price [USD]: $0.224
âš– H: $0.231 | L: $0.218
âš¡ Price [BTC]: 0.00000405 â‚¿
âœ¨ Price [ETH]: 0.0000645 Î
ğŸ“‰ 1h: -0.38%
ğŸ“‰ 24h: -1.32%
ğŸ’© 7d: -11.20%
ğŸ“Š Volume: $1,703,534,178
ğŸ’ MarketCap: $29,486,084,846

[Click here for free Calls! ğŸš¨](https://bit.ly/3gD9DTi)","[**Dogecoin](https://www.coingecko.com/en/coins/dogecoin)** **- [$DOGE**](https://twitter.com/search?q=%24DOGE) [10] ğŸ’° Price [USD]: $0.224 âš– H: $0.231 | L: $0.218 âš¡ Price [BTC]: 0.00000405 â‚¿ âœ¨ Price [ETH]: 0.0000645 Î ğŸ“‰ 1h: -0.38% ğŸ“‰ 24h: -1.32% ğŸ’© 7d: -11.20% ğŸ“Š Volume: $1,703,534,178 ğŸ’ MarketCap: $29,486,084,846  [Click here for free Calls! ğŸš¨](https://bit.ly/3gD9DTi)","[**Dogecoin](https://www.coingecko.com/en/coins/dogecoin)** **- [$DOGE**](https://twitter.com/search?q=%24DOGE) [10] ğŸ’° Price [USD]: $0.224 âš– H: $0.231 | L: $0.218 âš¡ Price [BTC]: 0.00000405 â‚¿ âœ¨ Price [ETH]: 0.0000645 Î ğŸ“‰ 1h: -0.38% ğŸ“‰ 24h: -1.32% ğŸ’© 7d: -11.20% ğŸ“Š Volume: $1,703,534,178 ğŸ’ MarketCap: $29,486,084,846 [Click here for free Calls! ğŸš¨](https://bit.ly/3gD9DTi)"
11156,?,?,?
11155,"Bitcoin may need a new catalyst to break through the $60,000 mark. If this catalyst comes soon, can the value of the currency hit a record high","Bitcoin may need a new catalyst to break through the $60,000 mark. If this catalyst comes soon, can the value of the currency hit a record high","Bitcoin may need a new catalyst to break through the $60,000 mark. If this catalyst comes soon, can the value of the currency hit a record high"
11154,"Hey guys, hows every doing?","Hey guys, hows every doing?","Hey guys, hows every doing?"
11153,Regulatory uncertainty could be the cause for yet more delays in the approval of long-awaited Bitcoin exchange-traded products.,Regulatory uncertainty could be the cause for yet more delays in the approval of long-awaited Bitcoin exchange-traded products.,Regulatory uncertainty could be the cause for yet more delays in the approval of long-awaited Bitcoin exchange-traded products.
11152,ğŸ‘,ğŸ‘,ğŸ‘
11151,"Bitcoin wallets that haven't seen outflows for more five months and are currently sitting on $754 billion  worth of the asset.

The latest bullish Bitcoin price forecast further cements the case for a breakout, but a retracement could conversely end up with a visit to $45,000.","Bitcoin wallets that haven't seen outflows for more five months and are currently sitting on $754 billion  worth of the asset.  The latest bullish Bitcoin price forecast further cements the case for a breakout, but a retracement could conversely end up with a visit to $45,000.","Bitcoin wallets that haven't seen outflows for more five months and are currently sitting on $754 billion worth of the asset. The latest bullish Bitcoin price forecast further cements the case for a breakout, but a retracement could conversely end up with a visit to $45,000."
11149,"**ğŸ“° Recent News in CryptoğŸ”¥**

Venezuelan international airport to accept Bitcoin payments: Report
__10 minutes ago__ via [cointelegraph.com](https://cryptopanic.com/news/12996440/Venezuelan-international-airport-to-accept-Bitcoin-payments-Report)â¡

China to â€˜outdateâ€™ crypto mining industry with more restrictions
__13 minutes ago__ via [forkast.news](https://cryptopanic.com/news/12996443/China-to-outdate-crypto-mining-industry-with-more-restrictions)â¡

Visa Is Building Infrastructure for NFTs, Smart Contracts, and L2s. Why? - Ep.280
__23 minutes ago__ via [libsyn.com](https://cryptopanic.com/news/12996431/Visa-Is-Building-Infrastructure-for-NFTs-Smart-Contracts-and-L2s-Why-Ep280)â¡

Bitcoin Receives $226 Million Institutional Inflows This Week
__24 minutes ago__ via [u.today](https://cryptopanic.com/news/12996430/Bitcoin-Receives-226-Million-Institutional-Inflows-This-Week)â¡

Bitcoin poised to retest all-time high
__26 minutes ago__ via [forkast.news](https://cryptopanic.com/news/12996424/Bitcoin-poised-to-retest-all-time-high)â¡



[Click here for free Calls! ğŸš¨](https://bit.ly/3gD9DTi)","**ğŸ“° Recent News in CryptoğŸ”¥**  Venezuelan international airport to accept Bitcoin payments: Report __10 minutes ago__ via [cointelegraph.com](https://cryptopanic.com/news/12996440/Venezuelan-international-airport-to-accept-Bitcoin-payments-Report)â¡  China to â€˜outdateâ€™ crypto mining industry with more restrictions __13 minutes ago__ via [forkast.news](https://cryptopanic.com/news/12996443/China-to-outdate-crypto-mining-industry-with-more-restrictions)â¡  Visa Is Building Infrastructure for NFTs, Smart Contracts, and L2s. Why? - Ep.280 __23 minutes ago__ via [libsyn.com](https://cryptopanic.com/news/12996431/Visa-Is-Building-Infrastructure-for-NFTs-Smart-Contracts-and-L2s-Why-Ep280)â¡  Bitcoin Receives $226 Million Institutional Inflows This Week __24 minutes ago__ via [u.today](https://cryptopanic.com/news/12996430/Bitcoin-Receives-226-Million-Institutional-Inflows-This-Week)â¡  Bitcoin poised to retest all-time high __26 minutes ago__ via [forkast.news](https://cryptopanic.com/news/12996424/Bitcoin-poised-to-retest-all-time-high)â¡    [Click here for free Calls! ğŸš¨](https://bit.ly/3gD9DTi)","**ğŸ“° Recent News in CryptoğŸ”¥** Venezuelan international airport to accept Bitcoin payments: Report __10 minutes ago__ via [cointelegraph.com](https://cryptopanic.com/news/12996440/Venezuelan-international-airport-to-accept-Bitcoin-payments-Report)â¡ China to â€˜outdateâ€™ crypto mining industry with more restrictions __13 minutes ago__ via [forkast.news](https://cryptopanic.com/news/12996443/China-to-outdate-crypto-mining-industry-with-more-restrictions)â¡ Visa Is Building Infrastructure for NFTs, Smart Contracts, and L2s. Why? - Ep.280 __23 minutes ago__ via [libsyn.com](https://cryptopanic.com/news/12996431/Visa-Is-Building-Infrastructure-for-NFTs-Smart-Contracts-and-L2s-Why-Ep280)â¡ Bitcoin Receives $226 Million Institutional Inflows This Week __24 minutes ago__ via [u.today](https://cryptopanic.com/news/12996430/Bitcoin-Receives-226-Million-Institutional-Inflows-This-Week)â¡ Bitcoin poised to retest all-time high __26 minutes ago__ via [forkast.news](https://cryptopanic.com/news/12996424/Bitcoin-poised-to-retest-all-time-high)â¡ [Click here for free Calls! ğŸš¨](https://bit.ly/3gD9DTi)"
11144,Hi @MomoeHaruhi !,Hi @MomoeHaruhi !,Hi !
11143,Hello everyone,Hello everyone,Hello everyone
11127,"What are your favourite coinğŸš€?

â¡ï¸Give you answers below!",What are your favourite coinğŸš€?  â¡ï¸Give you answers below!,What are your favourite coinğŸš€? â¡ï¸Give you answers below!
11126,"**Top 10 by Market Cap âš¡ï¸
**1. BTC - $57,117 (1.18%)
2. ETH - $3,507 (-0.23%)
3. USDT - $1.00 (0.29%)
4. ADA - $2.13 (-4.23%)
5. BNB - $410.13 (-1.37%)
6. XRP - $1.11 (-4.60%)
7. SOL - $144.85 (-4.86%)
8. DOT - $33.37 (-4.81%)
9. USDC - $1.00 (0.17%)
10. DOGE - $0.228 (-3.54%)","**Top 10 by Market Cap âš¡ï¸ **1. BTC - $57,117 (1.18%) 2. ETH - $3,507 (-0.23%) 3. USDT - $1.00 (0.29%) 4. ADA - $2.13 (-4.23%) 5. BNB - $410.13 (-1.37%) 6. XRP - $1.11 (-4.60%) 7. SOL - $144.85 (-4.86%) 8. DOT - $33.37 (-4.81%) 9. USDC - $1.00 (0.17%) 10. DOGE - $0.228 (-3.54%)","**Top 10 by Market Cap âš¡ï¸ **1. BTC - $57,117 (1.18%) 2. ETH - $3,507 (-0.23%) 3. USDT - $1.00 (0.29%) 4. ADA - $2.13 (-4.23%) 5. BNB - $410.13 (-1.37%) 6. XRP - $1.11 (-4.60%) 7. SOL - $144.85 (-4.86%) 8. DOT - $33.37 (-4.81%) 9. USDC - $1.00 (0.17%) 10. DOGE - $0.228 (-3.54%)"
11125,"**Hello everyone! Welcome to Crypto Robinhoodersâœ¨

Where we can discuss everything about crypto!

âœ”ï¸Feel free to reach us for any enquiries**",**Hello everyone! Welcome to Crypto Robinhoodersâœ¨  Where we can discuss everything about crypto!  âœ”ï¸Feel free to reach us for any enquiries**,**Hello everyone! Welcome to Crypto Robinhoodersâœ¨ Where we can discuss everything about crypto! âœ”ï¸Feel free to reach us for any enquiries**
